[{"username":"admin","password":"$2y$10$OQc.zRteq98Rem6YMR97I.1sGbfdh1lCTd\/.0jeE5DS35EkuezfEy"},{"username":"comercial2@rsweb.com.br","password":"$2y$10$IxQErXTAATAfKpun8z4tGOIMz2qZBf8vZSvNRyIsSTAU9auR0D3x6"},{"username":"oficial@prefeitura.gov","password":"$2y$10$kIKAVZZvvQUnJPQBw6iG5e30pMOWU\/QPxMmBlq8CTAHfB1ocQF8\/y"},{"username":"sabrina2017ap@gmail.com","password":"$2y$10$h6hyiU9q\/DCWfXx3XIm7uOzN468JnGQ0BQfi5jcXWu6ukzDkqfdo6"},{"username":"vinicius.xande30@gmail.com","password":"$2y$10$OT26TtpfJZ3uLs\/2i3uCP.NAhqjWcfUN92qya6SZ2LAkRUU8.7yTW"}]